state,store
Alabama,Mountain Brook - 3100 Cahaba Village Plaza
Alabama,Huntsville - 2501 Memorial Pkwy SW
Alabama,Mobile - 3968 Airport Blvd
Alabama,Montgomery - 1450 Taylor Rd
Arizona,Chandler - 2955 West Ray Road
Arizona,Flagstaff - 320 S. Cambridge Lane
Arizona,Paradise Valley - 10810 N Tatum Blvd
Arizona,Scottsdale - 7111 E. Mayo Blvd.
Arizona,Camelback - 4701 N 20th Street
Arizona,Sedona - 1420 West Hwy. 89A
Arizona,Tempe - 5120 S. Rural Rd
Arizona,Oracle - 7133 N Oracle Rd
Arizona,Speedway - 3360 E. Speedway Blvd.
Arizona,River Road - 5555 E. River Road
Arkansas,Fayetteville - 3425 N. College Avenue
Arkansas,Bowman - 501 Bowman Road
California,Berkeley - 3000 Telegraph Ave
California,Gilman - 1025 Gilman Street
California,Beverly Hills - 239 North Crescent Dr
California,Brea - 3301 Imperial Hwy.
California,Campbell - 1690 South Bascom Ave
California,Capitola - 1710 41st Avenue
California,Cupertino - 20955 Stevens Creek Blvd
California,"Del Mar - 2600 Via De La Valle, Suite 100"
California,Dublin CA - 5200 Dublin Blvd.
California,Plaza El Segundo - 760 South Sepulveda Blvd.
California,Encinitas - 687 S. Coast Highway 101
California,Folsom - 270 Palladio Parkway
California,Fremont - California - 3111 Mowry Avenue
California,Fresno - 650 W. Shaw Ave.
California,Glendale - 331 North Glendale Ave
California,Huntington Beach - 7881 Edinger Ave Suite 150
California,Irvine - 8525 Irvine Center Drive
California,La Jolla - 8825 Villa La Jolla Dr
California,Lafayette - 3502 Mt. Diablo Blvd.
California,Laguna Beach - 283 Broadway St.
California,Laguna Niguel - 23932 Aliso Creek Road
California,Long Beach - 6550 E. Pacific Coast Highway
California,Los Altos - 4800 El Camino Real
California,Brentwood - 11737 San Vicente Blvd
California,3rd & Fairfax - 6350 West 3rd Street
California,West Los Angeles - 11666 National Blvd
California,Westwood - 1050 S. Gayley Ave
California,Silver Lake 365 - 2520 Glendale Blvd
California,Downtown Los Angeles - 788 S. Grand Avenue
California,Los Gatos - 15980 Los Gatos Blvd
California,Blithedale - 731 East Blithedale
California,Mill Valley - 414 Miller Ave
California,Monterey - 800 Del Monte Center
California,Napa - 3682 Bel Aire Plaza
California,Newport Beach - 415 Newport Center Drive
California,Northridge (Porter Ranch) - 19340 Rinaldi Street
California,Novato - 790 De Long Avenue
California,Oakland - 230 Bay Place
California,Oxnard - 650 Town Center Drive
California,Palm Desert - 44459 Town Center Way
California,Palo Alto - 774 Emerson Street
California,Arroyo - 465 South Arroyo Parkway
California,Pasadena - 3751 E. Foothill Blvd.
California,Petaluma - 621 E. Washington St
California,Playa Vista - 12746 West Jefferson Blvd
California,Redondo Beach - 405 North Pacific Coast Hwy
California,Redwood City - 1250 Jefferson Ave
California,Roseville - 1001 Galleria Blvd.
California,Sacramento - 4315 Arden Way
California,Hillcrest - 711 University Ave
California,Franklin - 1765 California St
California,Noe Valley - 3950 24th Street
California,Potrero Hill - 450 Rhode Island St
California,SoMa - 399 4th Street
California,Haight Street - 690 Stanyan Street
California,Ocean - 1150 Ocean Ave
California,2001 Market Street - 2001 Market Street
California,Blossom Hill - 1146 Blossom Hill Road
California,San Jose - on The Alameda - 777 The Alameda
California,San Luis Obispo - 1531 Froom Ranch Way
California,San Mateo - 1010 Park Place
California,San Rafael - 340 Third St
California,San Ramon - 100 Sunset Drive
California,Santa Barbara - 3761 State Street
California,Santa Clara - 2732 Augustine Drive
California,Valencia - 24130 Valencia Blvd
California,Santa Cruz - 911 Soquel Ave
California,Montana Avenue - 1425 Montana Ave.
California,23rd & Wilshire Blvd - 2201 Wilshire Blvd
California,5th & Wilshire Blvd - 500 Wilshire Blvd.
California,Coddingtown - 390 Coddingtown Mall
California,Santa Rosa - 1181 Yulupa Ave
California,Sebastopol - 6910 McKinley St
California,Sherman Oaks - 12905 Riverside Drive
California,Sherman Oaks West - 4520 N. Sepulveda Blvd
California,Sonoma - Sonoma Marketplace
California,Tarzana - 18700 Ventura Blvd
California,Thousand Oaks - 740 North Moorpark Rd
California,Torrance - 2655 Pacific Coast Hwy
California,Jamboree - 2847 Park Avenue
California,Venice - 225 Lincoln Blvd.
California,Walnut Creek - 1333 Newell Ave
California,Ygnacio Valley Road - 2941 Ygnacio Valley Rd.
California,West Hollywood - 7871 Santa Monica Blvd
California,Woodland Hills - 21347 Ventura Blvd
Colorado,Roaring Fork - 340 Reed Street
Colorado,Baseline - 2584 Baseline Rd.
Colorado,Ideal Market - 1275 Alpine Ave.
Colorado,Pearl - 2905 Pearl St
Colorado,SouthGlenn - 6853 South York Street
Colorado,First & Main - 3180 New Center Point
Colorado,Pikes Peak - 7635 North Academy Blvd
Colorado,Cherry Creek - 2375 E. 1st Ave
Colorado,Capitol Hill - 900 E. 11th Ave.
Colorado,Washington Park - 1111 S. Washington Street
Colorado,Tamarac - 7400 E. Hampden Ave
Colorado,Fort Collins - 2201 S College Ave
Colorado,Frisco - 261 Lusher Court
Colorado,Colorado Boulevard - 870 S. Colorado Blvd.
Colorado,Colfax - 14357 W. Colfax Ave.
Colorado,Highlands Ranch - 9366 S. Colorado Blvd.
Colorado,Belmar - 444 S.Wadsworth Blvd
Colorado,Governorâ€™s Ranch - 5155 S. Wadsworth Blvd.
Colorado,Longmont - 1250 South Hover Road
Colorado,Superior - 303 Marshall Rd.
Colorado,Bradburn - 4451 Main St.
Connecticut,Danbury - 5C Sugar Hollow Road
Connecticut,Darien - 150 Ledge Road
Connecticut,Fairfield - 350 Grasmere Avenue
Connecticut,Glastonbury - 55 Welles Street
Connecticut,Greenwich - 90 E. Putnam Ave.
Connecticut,Milford - 1686 Boston Post Road
Connecticut,Bishops Corner - 340 N. Main St.
Connecticut,West Hartford - 50 Raymond Rd
Connecticut,Westport - 399 Post Road West
District Of Columbia,Georgetown - 2323 Wisconsin Ave N.W.
District Of Columbia,Foggy Bottom - 2201 I Street NW
District Of Columbia,P Street - 1440 P Street NW
District Of Columbia,Tenleytown - 4530 40th St NW Tenley Circle
Florida,Altamonte Springs - 305 East Altamonte Drive
Florida,Aventura - 21105 Biscayne Blvd
Florida,Boca Raton - 1400 Glades Rd
Florida,Clearwater - 27001 US 19 North
Florida,Coral Gables - 6701 Red Road
Florida,Coral Springs - 810 University Drive
Florida,Davie - 1903 S. University Drive
Florida,Destin - 4402 Legendary Drive
Florida,Fort Lauderdale - 2000 N Federal Hwy
Florida,Jacksonville - 10601 San Jose Blvd
Florida,Downtown Miami - 299 SE 3rd Ave
Florida,South Beach - 1020 Alton Road
Florida,Naples - 9101 Strada Place
Florida,North Miami - 12150 Biscayne Blvd
Florida,Orlando - 8003 Turkey Lake Road
Florida,Palm Beach Gardens - 11701 Lake Victoria Gardens Ave
Florida,Pembroke Pines - 14956 Pines Blvd
Florida,Pinecrest - 11701 South Dixie Highway
Florida,Pompano Beach - 2411 N Federal Highway
Florida,Sarasota - 1451 1st Street
Florida,Tallahassee - 1817 Thomasville Road
Florida,Tampa - 1548 North Dale Mabry Highway.
Florida,Carrollwood - 3802 Northdale Blvd.
Florida,Wellington - 2635 State Road 7
Florida,West Palm Beach - 1845 Palm Beach Lakes Boulevard
Florida,Winter Park North - 1030 N. Orlando Ave
Georgia,Avalon - 2800 Old Milton Pkwy
Georgia,Briarcliff - 2111 Briarcliff Rd NE
Georgia,Ponce de Leon - 650 Ponce de Leon Ave NE
Georgia,Sandy Springs - 5930 Roswell Rd
Georgia,Buckhead  - 77 West Paces Ferry Rd NW
Georgia,Augusta - 2907 Washington Rd.
Georgia,Johns Creek - 5945 State Bridge Rd
Georgia,Cobb Harry's - 70 Powers Ferry Rd SE
Georgia,Merchants Walk - 1311 Johnson Ferry Road NE
Georgia,Savannah - 1815 E. Victory Drive
Hawaii,Honolulu - 4211 Wai'alae Avenue
Hawaii,Maui - 70 East Kaahumanu Avenue #B
Hawaii,"Kailua - 629 Kailua Road, Suite 100"
Idaho,Boise - 401 S. Broadway
Illinois,Sauganash - 6020 N Cicero Ave
Illinois,Gold Coast - 30 West Huron St
Illinois,Halsted and Waveland - 3640 N Halsted St
Illinois,Lincoln Park - 1550 N. Kingsbury Street
Illinois,Lakeview - 3300 N. Ashland Ave
Illinois,South Loop - 1101 S. Canal St
Illinois,Streeterville - 255 E. Grand Ave
Illinois,DePaul - 959 West Fullerton Avenue
Illinois,West Loop - 1 N. Halsted Street
Illinois,Chicago Edgewater - 6009 North Broadway
Illinois,Englewood - 832 W 63rd Street
Illinois,Hyde Park - 5118 S. Lake Park Ave
Illinois,Deerfield - 760 Waukegan Rd
Illinois,Elmhurst - 215 S. IL Rte 83
Illinois,Downtown Evanston - 1640 Chicago Ave
Illinois,Evanston South - 1111 Chicago Ave.
Illinois,Green Bay Road - 2748 Green Bay Road
Illinois,Hinsdale - 500 E. Ogden Ave.
Illinois,Kildeer - 20281 N Rand Road
Illinois,Naperville - 2607 W. 75th Street
Illinois,Northbrook - 840 Willow Road
Illinois,Orland Park - 15260 S. LaGrange Road
Illinois,Park Ridge - 225 W. Touhy Ave
Illinois,River Forest - 7245 Lake St
Illinois,Schaumburg - 750 N. Martingale Rd.
Illinois,Wheaton - 89 Danada Square East
Illinois,Willowbrook - 6300 S. Robert Kingery Highway
Indiana,Carmel - 14598 Clay Terrace Blvd.
Indiana,Eighty-Sixth St. - 1300 E. 86th St.
Indiana,Mishawaka - 4230 Grape Road
Indiana,Schererville - 199 US HWY 41
Iowa,West Des Moines - 4100 University Ave Suite #260
Kansas,Olathe - 14615 W. 119th Street
Kansas,119th St - 6621 West 119th Street
Kansas,91st and Metcalf - 7401 West 91st St
Kansas,Wichita - 1423 N. Webb Rd.
Kentucky,Lexington - 161 Lexington Green Circle
Kentucky,Louisville  - 4944 Shelbyville Road
Louisiana,Baton Rouge - 7529 Corporate Blvd
Louisiana,Ambassador Caffery - 4247 Ambassador Caffery Pkwy
Louisiana,Mandeville - 3450 Highway 190
Louisiana,Veterans - 3420 Veterans Memorial Blvd
Louisiana,Arabella Station - 5600 Magazine Street
Louisiana,Broad Street - 300 N Broad St
Louisiana,Shreveport - 1380 E 70th St
Maine,Portland - Maine - 2 Somerset St
Maryland,Annapolis - 200 Harker PIace
Maryland,Harbor East - 1001 Fleet Street
Maryland,Mt. Washington - 1330 Smith Ave
Maryland,Bethesda - 5269 River Rd
Maryland,Friendship Heights - 4420 Willard Ave.
Maryland,Columbia - Maryland - 10275 Little Patuxent Pkwy
Maryland,Kentlands - 316 Kentlands Blvd
Maryland,Rockville - 11355 Woodglen Drive
Maryland,Silver Spring - 833 Wayne Ave
Massachusetts,Andover - 40 Railroad St.
Massachusetts,Arlington MA - 808 Massachusetts Avenue
Massachusetts,Bedford - 170 Great Rd
Massachusetts,Bellingham - 255 Hartford Ave
Massachusetts,Charles River Plaza - 181 Cambridge St
Massachusetts,Symphony - 15 Westland Ave
Massachusetts,South End - 348 Harrison Avenue
Massachusetts,Brighton - 15 Washington Street
Massachusetts,Brookline - 1028 Beacon Street
Massachusetts,Prospect Street - 115 Prospect St
Massachusetts,Fresh Pond - 200 Alewife Brook Pkwy
Massachusetts,River Street - 340 River St
Massachusetts,Charlestown - 51 Austin St.
Massachusetts,Dedham - 300 Legacy Place
Massachusetts,Framingham - 575 Worcester Rd
Massachusetts,Hadley - 327 Russell St
Massachusetts,Hingham - 94 Derby Street
Massachusetts,Hyannis - 990 Iyannough Road
Massachusetts,Jamaica Plain - 413 Centre Street
Massachusetts,Lynnfield - 100 Market Street
Massachusetts,Medford - 2151 Mystic Valley Parkway
Massachusetts,Melrose - 880 Main Street
Massachusetts,Newton - 916 Walnut St
Massachusetts,Newtonville - 647 Washington Street
Massachusetts,Somerville - 45 Beacon Street
Massachusetts,South Weymouth - 35 Pleasant Street
Massachusetts,Swampscott - 331 Paradise Rd
Massachusetts,Wayland - 317 Boston Post Rd
Massachusetts,Wellesley - 442 Washington Street
Massachusetts,Westford - 160 Littleton Road
Massachusetts,Woburn - 400 Cambridge Rd.
